GPSTime,Date,Time,GPSAltitude
1368778398,(Mon.22.05),08:13:18,30.0
1368778411,(Mon. 22. 05),08:13:03,27.4
1368778422,(Mon. 22. 05),08:13:42,24.6
1368778586,(Mon. 22. 05),08:16:26,2.3
1368778743,(Mon. 22. 05),08:19:03,5.0
1368778819,(Mon. 22. 05),08:20:19,2.1
1368778964,(Mon. 22. 05),08:22:44,0.2
1368779008,(Mon. 22. 05),08:23:28,3.4
1368779019,(Mon. 22. 05),08:23:39,5.5
1368779070,(Mon. 22. 05),08:24:30,-8.7
1368779088,(Mon. 22. 05),08:24:48,3.0
1368779117,(Mon. 22. 05),08:25:17,6.0
1368779149,(Mon. 22. 05),08:25:49,8.7
1368779244,(Mon. 22. 05),08:27:24,9.9
1368779262,(Mon. 22. 05),08:27:42,1.7
1368779312,(Mon. 22. 05),08:28:32,9.9
1368779386,(Mon. 22. 05),08:29:46,13.4
1368779414,(Mon. 22. 05),08:30:14,8.4
1368779460,(Mon. 22. 05),08:31:00,10.4
1368779484,(Mon. 22. 05),08:31:24,5.1
1368787826,(Mon. 22. 05),10:50:26,8.7
1368788659,(Mon. 22. 05),11:04:19,5.8
1368789569,(Mon. 22. 05),11:19:29,7.7
1368789588,(Mon. 22. 05),11:19:48,7.0
1368789693,(Mon. 22. 05),11:21:33,9.2
1368789817,(Mon. 22. 05),11:23:37,18.1
1368789952,(Mon. 22. 05),11:25:52,8.1
1368795074,(Mon. 22. 05),12:51:14,10.9
1368795103,(Mon. 22. 05),12:51:43,4.4
1368795149,(Mon. 22. 05),12:52:29,11.8
1368795216,(Mon. 22. 05),12:53:36,7.5
1368795296,(Mon. 22. 05),12:54:56,5.9
1368795299,(Mon. 22. 05),12:54:59,5.8
1368795438,(Mon. 22. 05),12:57:18,6.2
1368795441,(Mon. 22. 05),12:57:21,5.6
1368795502,(Mon. 22. 05),12:58:22,14.7
1368795513,(Mon. 22. 05),12:58:33,5.9
1368795576,(Mon. 22. 05),12:59:36,3.4
1368795592,(Mon. 22. 05),12:59:52,0.7
1368795714,(Mon. 22. 05),13:01:54,-1.2
1368795759,(Mon. 22. 05),13:02:39,4.7
1368795838,(Mon. 22. 05),13:03:58,9.5
1368795888,(Mon. 22. 05),13:04:48,5.2
1368795928,(Mon. 22. 05),13:05:28,-0.2
1368795979,(Mon. 22. 05),13:06:19,4.0
1368796012,(Mon. 22. 05),13:06:52,6.4
1368796042,(Mon. 22. 05),13:07:22,0.4
1368796072,(Mon. 22. 05),13:07:52,9.8
1368796214,(Mon. 22. 05),13:10:14,-3.2
1368796223,(Mon. 22. 05),13:10:23,-0.7
1368796325,(Mon. 22. 05),13:12:05,0.8
1368796333,(Mon. 22. 05),13:12:13,-0.6
1368796385,(Mon. 22. 05),13:13:05,1.8
1368796425,(Mon. 22. 05),13:13:45,-1.3
1368796428,(Mon. 22. 05),13:13:48,-1.2
1368796449,(Mon. 22. 05),13:14:09,1.3
1368796471,(Mon. 22. 05),13:14:31,-0.5
1368796525,(Mon. 22. 05),13:15:25,-0.1
1368796574,(Mon. 22. 05),13:16:14,2.9
1368796660,(Mon. 22. 05),13:17:40,5.0
1368796675,(Mon. 22. 05),13:17:55,7.6
1368796758,(Mon. 22. 05),13:19:18,8.8
1368796873,(Mon. 22. 05),13:21:13,-1.1
1368796882,(Mon. 22. 05),13:21:22,0.8
1368796922,(Mon. 22. 05),13:22:02,0.1
1368796956,(Mon. 22. 05),13:22:36,0.5
1368797054,(Mon. 22. 05),13:24:14,2.7
1368797146,(Mon. 22. 05),13:25:46,5.8
1368797170,(Mon. 22. 05),13:26:10,12.7
1368797315,(Mon. 22. 05),13:28:35,2.2
1368797343,(Mon. 22. 05),13:29:03,4.8
1368797381,(Mon. 22. 05),13:29:41,8.8
1368797413,(Mon. 22. 05),13:30:13,15.9
1368797416,(Mon. 22. 05),13:30:16,15.9
1368810876,(Mon. 22. 05),17:14:36,22.1
1368810891,(Mon. 22. 05),17:14:51,6.4
1368810897,(Mon. 22. 05),17:14:57,6.3
1368810978,(Mon. 22. 05),17:16:18,7.0
1368811086,(Mon. 22. 05),17:18:06,9.7
1368811099,(Mon. 22. 05),17:18:19,10.1
1368811139,(Mon. 22. 05),17:18:59,5.2
1368811235,(Mon. 22. 05),17:20:35,2.4
1368811270,(Mon. 22. 05),17:21:10,4.7
1368811351,(Mon. 22. 05),17:22:31,3.5
1368811489,(Mon. 22. 05),17:24:49,7.0
1368811516,(Mon. 22. 05),17:25:16,7.4
1368811580,(Mon. 22. 05),17:26:20,3.2
1368811627,(Mon. 22. 05),17:27:07,9.6
1368811736,(Mon. 22. 05),17:28:56,11.1
1368811849,(Mon. 22. 05),17:30:49,9.8
1368811875,(Mon. 22. 05),17:31:15,13.7
1368811931,(Mon. 22. 05),17:32:11,-0.5
1368811976,(Mon. 22. 05),17:32:56,-0.5
1368812024,(Mon. 22. 05),17:33:44,-0.8
1368860963,(Tue. 23. 05),07:09:23,9.5
1368860985,(Tue. 23. 05),07:09:45,11.2
1368861034,(Tue. 23. 05),07:10:34,14.1
1368861094,(Tue. 23. 05),07:11:34,14.2
1368861139,(Tue. 23. 05),07:12:19,4.1
1368861309,(Tue. 23. 05),07:15:09,10.5
1368861392,(Tue. 23. 05),07:16:32,10.0
1368861476,(Tue. 23. 05),07:17:56,5.5
1368861551,(Tue. 23. 05),07:19:11,5.8
1368861592,(Tue. 23. 05),07:19:52,12.6
1368861601,(Tue. 23. 05),07:20:01,15.7
1368861656,(Tue. 23. 05),07:20:56,13.8
1368861772,(Tue. 23. 05),07:22:52,11.3
1368861800,(Tue. 23. 05),07:23:20,12.7
1368861953,(Tue. 23. 05),07:25:53,28.6
1368862008,(Tue. 23. 05),07:26:48,16.7
1368862067,(Tue. 23. 05),07:27:47,12.6
1368862523,(Tue. 23. 05),07:35:23,13.1
1368862544,(Tue. 23. 05),07:35:44,14.0
1368862607,(Tue. 23. 05),07:36:47,10.4
1368862617,(Tue. 23. 05),07:36:57,13.2
1368862731,(Tue. 23. 05),07:38:51,11.3
1368862851,(Tue. 23. 05),07:40:51,6.9
1368862874,(Tue. 23. 05),07:41:14,7.4
1368862976,(Tue. 23. 05),07:42:56,8.1
1368863027,(Tue. 23. 05),07:43:47,9.6
1368863043,(Tue. 23. 05),07:44:03,10.1
1368863182,(Tue. 23. 05),07:46:22,22.7
1368863318,(Tue. 23. 05),07:48:38,13.1
1368863352,(Tue. 23. 05),07:49:12,7.7
1368863443,(Tue. 23. 05),07:50:43,12.7
1368863526,(Tue. 23. 05),07:52:06,9.0
1368863557,(Tue. 23. 05),07:52:37,7.9
1368875829,(Tue. 23. 05),11:17:09,-1.1
1368875993,(Tue. 23. 05),11:19:53,6.3
1368876009,(Tue. 23. 05),11:20:09,10.4
1368876158,(Tue. 23. 05),11:22:38,13.9
1368876221,(Tue. 23. 05),11:23:41,9.9
1368876253,(Tue. 23. 05),11:24:13,10.8
1368876362,(Tue. 23. 05),11:26:02,4.2
1368876423,(Tue. 23. 05),11:27:03,3.3
1368876456,(Tue. 23. 05),11:27:36,3.4
1368876554,(Tue. 23. 05),11:29:14,6.1
1368876582,(Tue. 23. 05),11:29:42,16.6
1368876637,(Tue. 23. 05),11:30:37,10.1
1368876702,(Tue. 23. 05),11:31:42,9.5
1368876788,(Tue. 23. 05),11:33:08,6.8
1368876837,(Tue. 23. 05),11:33:57,6.4
1368876856,(Tue. 23. 05),11:34:16,7.4
1368876921,(Tue. 23. 05),11:35:21,12.8
1368876994,(Tue. 23. 05),11:36:34,14.7
1368877064,(Tue. 23. 05),11:37:44,14.5
1368962003,(Wed. 24. 05),11:13:23,18.5
1368962091,(Wed. 24. 05),11:14:51,15.0
1368962264,(Wed. 24. 05),11:17:44,13.2
1368962310,(Wed. 24. 05),11:18:30,18.1
1368962785,(Wed. 24. 05),11:26:25,7.4
1368963085,(Wed. 24. 05),11:31:25,10.3
1368963134,(Wed. 24. 05),11:32:14,7.7
1368963380,(Wed. 24. 05),11:36:20,22.5
1368963486,(Wed. 24. 05),11:38:06,25.7
1368963510,(Wed. 24. 05),11:38:30,12.7
1368963515,(Wed. 24. 05),11:38:35,13.3
1368963530,(Wed. 24. 05),11:38:50,17.9
1368963623,(Wed. 24. 05),11:40:23,17.8
1368963665,(Wed. 24. 05),11:41:05,33.5
1368966749,(Wed. 24. 05),12:32:29,11.9
1368966819,(Wed. 24. 05),12:33:39,9.5
1368966882,(Wed. 24. 05),12:34:42,13.0
1368976224,(Wed. 24. 05),15:10:24,16.7
1368976513,(Wed. 24. 05),15:15:13,16.7
1368979812,(Wed. 24. 05),16:10:12,5.9
1368979843,(Wed. 24. 05),16:10:43,-1.9
1368980121,(Wed. 24. 05),16:15:21,17.8
1368980187,(Wed. 24. 05),16:16:27,16.4
1368985561,(Wed. 24. 05),17:46:01,19.8
1368985582,(Wed. 24. 05),17:46:22,14.0
1368985600,(Wed. 24. 05),17:46:40,14.6
1368985628,(Wed. 24. 05),17:47:08,13.2
1368985664,(Wed. 24. 05),17:47:44,11.3
1368985699,(Wed. 24. 05),17:48:19,13.8
1368985780,(Wed. 24. 05),17:49:40,12.9
1368985879,(Wed. 24. 05),17:51:19,18.7
1368985914,(Wed. 24. 05),17:51:54,5.3
1368986015,(Wed. 24. 05),17:53:35,5.7
1368986142,(Wed. 24. 05),17:55:42,5.1
1368986215,(Wed. 24. 05),17:56:55,12.2
1368986360,(Wed. 24. 05),17:59:20,12.1
1368986406,(Wed. 24. 05),18:00:06,9.8
1368986445,(Wed. 24. 05),18:00:45,7.4
1368986640,(Wed. 24. 05),18:04:00,14.3
1368986668,(Wed. 24. 05),18:04:28,16.8
1368986760,(Wed. 24. 05),18:06:00,13.4
1368986885,(Wed. 24. 05),18:08:05,8.0
1368986908,(Wed. 24. 05),18:08:28,0.6
1368986939,(Wed. 24. 05),18:08:59,-2.7
1368986978,(Wed. 24. 05),18:09:38,-1.6
1368987002,(Wed. 24. 05),18:10:02,18.0
1368987039,(Wed. 24. 05),18:10:39,9.7
1368987082,(Wed. 24. 05),18:11:22,9.1
1368987146,(Wed. 24. 05),18:12:26,9.5
1368987251,(Wed. 24. 05),18:14:11,10.5
1368987256,(Wed. 24. 05),18:14:16,10.9
1368987408,(Wed. 24. 05),18:16:48,13.3
1368987457,(Wed. 24. 05),18:17:37,13.5
1368987517,(Wed. 24. 05),18:18:37,16.2
1368987546,(Wed. 24. 05),18:19:06,16.5
1369000932,(Wed. 24. 05),22:02:12,37.6
1369000937,(Wed. 24. 05),22:02:17,37.6
1369000944,(Wed. 24. 05),22:02:24,16.0
1369000955,(Wed. 24. 05),22:02:35,15.9
1369000974,(Wed. 24. 05),22:02:54,19.0
1369001004,(Wed. 24. 05),22:03:24,19.4
1369001025,(Wed. 24. 05),22:03:45,19.6
1369001075,(Wed. 24. 05),22:04:35,24.2
1369001320,(Wed. 24. 05),22:08:40,12.9
1369001347,(Wed. 24. 05),22:09:07,12.0
1369001362,(Wed. 24. 05),22:09:22,11.4
1369001396,(Wed. 24. 05),22:09:56,15.6
1369001427,(Wed. 24. 05),22:10:27,-2.5
1369001448,(Wed. 24. 05),22:10:48,7.2
1369001559,(Wed. 24. 05),22:12:39,11.1
1369001606,(Wed. 24. 05),22:13:26,8.7
1369001772,(Wed. 24. 05),22:16:12,20.0
1369036479,(Thu. 25. 05),07:54:39,12.0
1369036537,(Thu. 25. 05),07:55:37,12.4
1369036553,(Thu. 25. 05),07:55:53,13.1
1369036581,(Thu. 25. 05),07:56:21,10.0
1369036622,(Thu. 25. 05),07:57:02,7.5
1369036647,(Thu. 25. 05),07:57:27,12.4
1369036684,(Thu. 25. 05),07:58:04,12.4
1369036701,(Thu. 25. 05),07:58:21,4.9
1369036726,(Thu. 25. 05),07:58:46,2.7
1369036758,(Thu. 25. 05),07:59:18,-9.0
1369036855,(Thu. 25. 05),08:00:55,13.1
1369036875,(Thu. 25. 05),08:01:15,12.3
1369036912,(Thu. 25. 05),08:01:52,5.7
1369036990,(Thu. 25. 05),08:03:10,2.6
1369037029,(Thu. 25. 05),08:03:49,5.5
1369037078,(Thu. 25. 05),08:04:38,7.0
1369037100,(Thu. 25. 05),08:05:00,-0.2
1369037150,(Thu. 25. 05),08:05:50,2.6
1369037181,(Thu. 25. 05),08:06:21,3.3
1369037243,(Thu. 25. 05),08:07:23,14.6
1369037290,(Thu. 25. 05),08:08:10,1.7
1369037381,(Thu. 25. 05),08:09:41,4.7
1369037392,(Thu. 25. 05),08:09:52,11.9
1369037413,(Thu. 25. 05),08:10:13,9.5
1369037430,(Thu. 25. 05),08:10:30,9.6
1369037480,(Thu. 25. 05),08:11:20,4.0
1369037507,(Thu. 25. 05),08:11:47,-2.5
1369037548,(Thu. 25. 05),08:12:28,11.7
1369037589,(Thu. 25. 05),08:13:09,7.6
1369037598,(Thu. 25. 05),08:13:18,10.1
1369037658,(Thu. 25. 05),08:14:18,13.1
1369037681,(Thu. 25. 05),08:14:41,5.8
1369037720,(Thu. 25. 05),08:15:20,20.1
1369037750,(Thu. 25. 05),08:15:50,-4.1
1369037776,(Thu. 25. 05),08:16:16,2.7
1369037804,(Thu. 25. 05),08:16:44,-8.3
1369037830,(Thu. 25. 05),08:17:10,16.9
1369037844,(Thu. 25. 05),08:17:24,17.8
1369037874,(Thu. 25. 05),08:17:54,19.5
1369037898,(Thu. 25. 05),08:18:18,10.4
1369049018,(Thu. 25. 05),11:23:38,22.9
1369049033,(Thu. 25. 05),11:23:53,9.4
1369049064,(Thu. 25. 05),11:24:24,11.5
1369049086,(Thu. 25. 05),11:24:46,14.5
1369049127,(Thu. 25. 05),11:25:27,13.6
1369049143,(Thu. 25. 05),11:25:43,12.9
1369049157,(Thu. 25. 05),11:25:57,16.8
1369049181,(Thu. 25. 05),11:26:21,11.3
1369049205,(Thu. 25. 05),11:26:45,12.5
1369049230,(Thu. 25. 05),11:27:10,7.4
1369049322,(Thu. 25. 05),11:28:42,7.5
1369049344,(Thu. 25. 05),11:29:04,14.6
1369049369,(Thu. 25. 05),11:29:29,9.6
1369049388,(Thu. 25. 05),11:29:48,11.9
1369049416,(Thu. 25. 05),11:30:16,13.4
1369049472,(Thu. 25. 05),11:31:12,12.8
1369049496,(Thu. 25. 05),11:31:36,11.4
1369049521,(Thu. 25. 05),11:32:01,10.1
1369049539,(Thu. 25. 05),11:32:19,4.6
1369049563,(Thu. 25. 05),11:32:43,7.4
1369049589,(Thu. 25. 05),11:33:09,15.3
1369049627,(Thu. 25. 05),11:33:47,-0.1
1369049644,(Thu. 25. 05),11:34:04,1.5
1369049684,(Thu. 25. 05),11:34:44,7.7
1369049711,(Thu. 25. 05),11:35:11,10.0
1369049745,(Thu. 25. 05),11:35:45,12.4
1369049750,(Thu. 25. 05),11:35:50,13.8
1369049784,(Thu. 25. 05),11:36:24,4.2
1369049864,(Thu. 25. 05),11:37:44,1.7
1369049883,(Thu. 25. 05),11:38:03,6.7
1369049923,(Thu. 25. 05),11:38:43,9.2
1369049942,(Thu. 25. 05),11:39:02,5.5
1369049987,(Thu. 25. 05),11:39:47,12.4
1369050019,(Thu. 25. 05),11:40:19,13.3
1369050060,(Thu. 25. 05),11:41:00,13.2
1369050067,(Thu. 25. 05),11:41:07,12.4
1369050144,(Thu. 25. 05),11:42:24,10.7
1369050180,(Thu. 25. 05),11:43:00,7.3
1369050259,(Thu. 25. 05),11:44:19,14.3
1369050285,(Thu. 25. 05),11:44:45,11.5
1369050312,(Thu. 25. 05),11:45:12,6.2
1369050332,(Thu. 25. 05),11:45:32,7.7
1369050373,(Thu. 25. 05),11:46:13,4.0
1369050426,(Thu. 25. 05),11:47:06,7.4
1369050455,(Thu. 25. 05),11:47:35,2.7
1369064646,(Thu. 25. 05),15:44:06,17.3
1369064665,(Thu. 25. 05),15:44:25,18.2
1369064692,(Thu. 25. 05),15:44:52,12.8
1369064729,(Thu. 25. 05),15:45:29,-1.5
1369064751,(Thu. 25. 05),15:45:51,2.3
1369064798,(Thu. 25. 05),15:46:38,0.0
1369064837,(Thu. 25. 05),15:47:17,6.0
1369064860,(Thu. 25. 05),15:47:40,4.9
1369064899,(Thu. 25. 05),15:48:19,-3.7
1369064941,(Thu. 25. 05),15:49:01,8.6
1369065015,(Thu. 25. 05),15:50:15,6.3
1369065046,(Thu. 25. 05),15:50:46,8.7
1369065067,(Thu. 25. 05),15:51:07,16.1
1369065089,(Thu. 25. 05),15:51:29,9.2
1369065103,(Thu. 25. 05),15:51:43,7.8
1369065139,(Thu. 25. 05),15:52:19,4.0
1369065169,(Thu. 25. 05),15:52:49,12.1
1369065186,(Thu. 25. 05),15:53:06,5.8
1369065210,(Thu. 25. 05),15:53:30,5.0
1369065227,(Thu. 25. 05),15:53:47,5.1
1369065268,(Thu. 25. 05),15:54:28,8.2
1369065317,(Thu. 25. 05),15:55:17,0.2
1369065339,(Thu. 25. 05),15:55:39,-1.3
1369065384,(Thu. 25. 05),15:56:24,0.9
1369065398,(Thu. 25. 05),15:56:38,-0.1
1369065478,(Thu. 25. 05),15:57:58,-0.1
1369065489,(Thu. 25. 05),15:58:09,3.5
1369065515,(Thu. 25. 05),15:58:35,5.4
1369065541,(Thu. 25. 05),15:59:01,5.5
1369065545,(Thu. 25. 05),15:59:05,5.6
1369065568,(Thu. 25. 05),15:59:28,2.5
1369065583,(Thu. 25. 05),15:59:43,2.1
1369065619,(Thu. 25. 05),16:00:19,3.9
1369065644,(Thu. 25. 05),16:00:44,7.2
1369065671,(Thu. 25. 05),16:01:11,8.9
1369065683,(Thu. 25. 05),16:01:23,8.4
1369065716,(Thu. 25. 05),16:01:56,14.1
1369065755,(Thu. 25. 05),16:02:35,11.3
1369065775,(Thu. 25. 05),16:02:55,9.1
1369065783,(Thu. 25. 05),16:03:03,8.3
1369065790,(Thu. 25. 05),16:03:10,7.8
1369065813,(Thu. 25. 05),16:03:33,8.9
1369065882,(Thu. 25. 05),16:04:42,12.9
1369065904,(Thu. 25. 05),16:05:04,13.9
1369065935,(Thu. 25. 05),16:05:35,9.8
1369065941,(Thu. 25. 05),16:05:41,9.6
1369065969,(Thu. 25. 05),16:06:09,7.3
1369065987,(Thu. 25. 05),16:06:27,8.0
1369066006,(Thu. 25. 05),16:06:46,7.6
1369066032,(Thu. 25. 05),16:07:12,11.2
1369087480,(Thu. 25. 05),22:04:40,13.1
1369087488,(Thu. 25. 05),22:04:48,9.3
1369087496,(Thu. 25. 05),22:04:56,9.8
1369087510,(Thu. 25. 05),22:05:10,8.8
1369087536,(Thu. 25. 05),22:05:36,7.1
1369087558,(Thu. 25. 05),22:05:58,8.5
1369087579,(Thu. 25. 05),22:06:19,5.3
1369087617,(Thu. 25. 05),22:06:57,6.2
1369087630,(Thu. 25. 05),22:07:10,5.1
1369087641,(Thu. 25. 05),22:07:21,7.5
1369087708,(Thu. 25. 05),22:08:28,10.2
1369087731,(Thu. 25. 05),22:08:51,8.9
1369087734,(Thu. 25. 05),22:08:54,11.3
1369087782,(Thu. 25. 05),22:09:42,12.4
1369087795,(Thu. 25. 05),22:09:55,13.0
1369087881,(Thu. 25. 05),22:11:21,12.1
1369087890,(Thu. 25. 05),22:11:30,11.4
1369087937,(Thu. 25. 05),22:12:17,6.9
1369087958,(Thu. 25. 05),22:12:38,6.9
1369087976,(Thu. 25. 05),22:12:56,12.5
1369088041,(Thu. 25. 05),22:14:01,8.7
1369088053,(Thu. 25. 05),22:14:13,4.2
1369088068,(Thu. 25. 05),22:14:28,7.4
1369088113,(Thu. 25. 05),22:15:13,5.8
1369088154,(Thu. 25. 05),22:15:54,6.0
1369088223,(Thu. 25. 05),22:17:03,9.1
1369088260,(Thu. 25. 05),22:17:40,3.6
1369088277,(Thu. 25. 05),22:17:57,5.3
1369088300,(Thu. 25. 05),22:18:20,5.3
1369088342,(Thu. 25. 05),22:19:02,12.0
1369088363,(Thu. 25. 05),22:19:23,10.5
1369088384,(Thu. 25. 05),22:19:44,13.8
1369088391,(Thu. 25. 05),22:19:51,16.2
1369088462,(Thu. 25. 05),22:21:02,11.6
1369088571,(Thu. 25. 05),22:22:51,17.5
1369088652,(Thu. 25. 05),22:24:12,11.2
1369088701,(Thu. 25. 05),22:25:01,16.7
1369124442,(Fri. 26. 05),08:20:42,19.6
1369124483,(Fri. 26. 05),08:21:23,16.7
1369124580,(Fri. 26. 05),08:23:00,15.5
1369124628,(Fri. 26. 05),08:23:48,15.3
1369124654,(Fri. 26. 05),08:24:14,9.6
1369124691,(Fri. 26. 05),08:24:51,8.5
1369124736,(Fri. 26. 05),08:25:36,14.8
1369124829,(Fri. 26. 05),08:27:09,19.0
1369124919,(Fri. 26. 05),08:28:39,19.9
1369125013,(Fri. 26. 05),08:30:13,14.6
1369125061,(Fri. 26. 05),08:31:01,18.1
1369125069,(Fri. 26. 05),08:31:09,18.7
1369125191,(Fri. 26. 05),08:33:11,15.1
1369125218,(Fri. 26. 05),08:33:38,24.5
1369125244,(Fri. 26. 05),08:34:04,25.2
1369125302,(Fri. 26. 05),08:35:02,13.4
1369125345,(Fri. 26. 05),08:35:45,13.5
1369125382,(Fri. 26. 05),08:36:22,22.4
1369125415,(Fri. 26. 05),08:36:55,8.8
1369125461,(Fri. 26. 05),08:37:41,9.0
1369125477,(Fri. 26. 05),08:37:57,19.4
1369138357,(Fri. 26. 05),12:12:37,16.9
1369138366,(Fri. 26. 05),12:12:46,15.9
1369138414,(Fri. 26. 05),12:13:34,31.1
1369138450,(Fri. 26. 05),12:14:10,22.3
1369138487,(Fri. 26. 05),12:14:47,13.3
1369138550,(Fri. 26. 05),12:15:50,17.2
1369138566,(Fri. 26. 05),12:16:06,12.5
1369138600,(Fri. 26. 05),12:16:40,15.7
1369138621,(Fri. 26. 05),12:17:01,8.3
1369138668,(Fri. 26. 05),12:17:48,10.5
1369138678,(Fri. 26. 05),12:17:58,10.8
1369138695,(Fri. 26. 05),12:18:15,8.4
1369138735,(Fri. 26. 05),12:18:55,4.5
1369138751,(Fri. 26. 05),12:19:11,11.7
1369138835,(Fri. 26. 05),12:20:35,9.4
1369138893,(Fri. 26. 05),12:21:33,8.9
1369138948,(Fri. 26. 05),12:22:28,7.5
1369138984,(Fri. 26. 05),12:23:04,10.4
1369139006,(Fri. 26. 05),12:23:26,9.5
1369139056,(Fri. 26. 05),12:24:16,9.7
1369139083,(Fri. 26. 05),12:24:43,8.5
1369139108,(Fri. 26. 05),12:25:08,12.1
1369139197,(Fri. 26. 05),12:26:37,11.1
1369139220,(Fri. 26. 05),12:27:00,9.0
1369139234,(Fri. 26. 05),12:27:14,9.2
1369139249,(Fri. 26. 05),12:27:29,9.4
1369139282,(Fri. 26. 05),12:28:02,9.2
1369139327,(Fri. 26. 05),12:28:47,6.1
1369139352,(Fri. 26. 05),12:29:12,8.5
1369139365,(Fri. 26. 05),12:29:25,8.3
1369139388,(Fri. 26. 05),12:29:48,10.2
1369139441,(Fri. 26. 05),12:30:41,9.0
1369139460,(Fri. 26. 05),12:31:00,10.1
1369151379,(Fri. 26. 05),15:49:39,21.6
1369151387,(Fri. 26. 05),15:49:47,25.9
1369151394,(Fri. 26. 05),15:49:54,24.2
1369151469,(Fri. 26. 05),15:51:09,5.7
1369151506,(Fri. 26. 05),15:51:46,5.7
1369151528,(Fri. 26. 05),15:52:08,0.6
1369151548,(Fri. 26. 05),15:52:28,2.4
1369151578,(Fri. 26. 05),15:52:58,1.3
1369151601,(Fri. 26. 05),15:53:21,7.1
1369151632,(Fri. 26. 05),15:53:52,2.2
1369151690,(Fri. 26. 05),15:54:50,6.5
1369151750,(Fri. 26. 05),15:55:50,7.5
1369151769,(Fri. 26. 05),15:56:09,6.5
1369151845,(Fri. 26. 05),15:57:25,4.4
1369151852,(Fri. 26. 05),15:57:32,5.8
1369151881,(Fri. 26. 05),15:58:01,1.8
1369151951,(Fri. 26. 05),15:59:11,0.5
1369152001,(Fri. 26. 05),16:00:01,4.6
1369152021,(Fri. 26. 05),16:00:21,4.8
1369152052,(Fri. 26. 05),16:00:52,-1.8
1369152074,(Fri. 26. 05),16:01:14,1.3
1369152114,(Fri. 26. 05),16:01:54,1.8
1369152145,(Fri. 26. 05),16:02:25,4.6
1369152166,(Fri. 26. 05),16:02:46,6.0
1369152186,(Fri. 26. 05),16:03:06,6.4
1369152207,(Fri. 26. 05),16:03:27,2.1
1369152221,(Fri. 26. 05),16:03:41,2.8
1369152282,(Fri. 26. 05),16:04:42,11.6
1369152317,(Fri. 26. 05),16:05:17,11.6
1369152332,(Fri. 26. 05),16:05:32,10.2
1369152352,(Fri. 26. 05),16:05:52,9.4
1369152378,(Fri. 26. 05),16:06:18,5.1
1369152431,(Fri. 26. 05),16:07:11,16.0
1369152496,(Fri. 26. 05),16:08:16,12.7
1369152530,(Fri. 26. 05),16:08:50,3.5
1369152562,(Fri. 26. 05),16:09:22,2.2
1369219783,(Sat. 27. 05),10:49:43,3.0
1369219821,(Sat. 27. 05),10:50:21,11.5
1369219842,(Sat. 27. 05),10:50:42,11.1
1369219865,(Sat. 27. 05),10:51:05,9.0
1369219910,(Sat. 27. 05),10:51:50,8.6
1369219937,(Sat. 27. 05),10:52:17,7.8
1369219954,(Sat. 27. 05),10:52:34,4.9
1369219991,(Sat. 27. 05),10:53:11,17.1
1369220025,(Sat. 27. 05),10:53:45,11.2
1369220133,(Sat. 27. 05),10:55:33,14.0
1369220155,(Sat. 27. 05),10:55:55,11.9
1369220200,(Sat. 27. 05),10:56:40,10.9
1369220256,(Sat. 27. 05),10:57:36,11.1
1369220299,(Sat. 27. 05),10:58:19,6.2
1369220387,(Sat. 27. 05),10:59:47,16.3
1369220416,(Sat. 27. 05),11:00:16,4.8
1369220426,(Sat. 27. 05),11:00:26,4.7
1369220460,(Sat. 27. 05),11:01:00,3.3
1369220467,(Sat. 27. 05),11:01:07,2.1
1369220539,(Sat. 27. 05),11:02:19,7.7
1369220553,(Sat. 27. 05),11:02:33,12.9
1369220615,(Sat. 27. 05),11:03:35,17.3
1369220628,(Sat. 27. 05),11:03:48,17.7
1369220632,(Sat. 27. 05),11:03:52,16.3
1369220637,(Sat. 27. 05),11:03:57,14.7
1369220698,(Sat. 27. 05),11:04:58,12.6
1369220757,(Sat. 27. 05),11:05:57,10.8
1369220773,(Sat. 27. 05),11:06:13,12.3
1369220801,(Sat. 27. 05),11:06:41,9.7
1369220827,(Sat. 27. 05),11:07:07,14.3
1369220840,(Sat. 27. 05),11:07:20,16.0
1369220845,(Sat. 27. 05),11:07:25,13.3
1369220851,(Sat. 27. 05),11:07:31,17.7
1369220887,(Sat. 27. 05),11:08:07,12.1
1369220915,(Sat. 27. 05),11:08:35,-0.5
1369220955,(Sat. 27. 05),11:09:15,11.6
1369220965,(Sat. 27. 05),11:09:25,12.4
1369220991,(Sat. 27. 05),11:09:51,12.1
1369220996,(Sat. 27. 05),11:09:56,10.9
1369221023,(Sat. 27. 05),11:10:23,5.4
1369221051,(Sat. 27. 05),11:10:51,9.3
1369228792,(Sat. 27. 05),13:19:52,15.2
1369228802,(Sat. 27. 05),13:20:02,11.3
1369228823,(Sat. 27. 05),13:20:23,15.4
1369228861,(Sat. 27. 05),13:21:01,11.5
1369228902,(Sat. 27. 05),13:21:42,9.8
1369228940,(Sat. 27. 05),13:22:20,16.3
1369228954,(Sat. 27. 05),13:22:34,15.2
1369228990,(Sat. 27. 05),13:23:10,17.6
1369229006,(Sat. 27. 05),13:23:26,16.1
1369229050,(Sat. 27. 05),13:24:10,8.2
1369229059,(Sat. 27. 05),13:24:19,11.4
1369229086,(Sat. 27. 05),13:24:46,16.6
1369229107,(Sat. 27. 05),13:25:07,15.0
1369229148,(Sat. 27. 05),13:25:48,10.0
1369229188,(Sat. 27. 05),13:26:28,11.4
1369229221,(Sat. 27. 05),13:27:01,10.8
1369229227,(Sat. 27. 05),13:27:07,11.5
1369229241,(Sat. 27. 05),13:27:21,12.2
1369229244,(Sat. 27. 05),13:27:24,13.9
1369229272,(Sat. 27. 05),13:27:52,14.6
1369229280,(Sat. 27. 05),13:28:00,12.1
1369229342,(Sat. 27. 05),13:29:02,18.5
1369229351,(Sat. 27. 05),13:29:11,18.2
1369229364,(Sat. 27. 05),13:29:24,15.7
1369229373,(Sat. 27. 05),13:29:33,12.9
1369229392,(Sat. 27. 05),13:29:52,7.1
1369229401,(Sat. 27. 05),13:30:01,6.4
1369229412,(Sat. 27. 05),13:30:12,7.9
1369229431,(Sat. 27. 05),13:30:31,11.4
1369229436,(Sat. 27. 05),13:30:36,11.7
1369229447,(Sat. 27. 05),13:30:47,10.2
1369229471,(Sat. 27. 05),13:31:11,9.4
1369229489,(Sat. 27. 05),13:31:29,7.5
1369229499,(Sat. 27. 05),13:31:39,5.9
1369229537,(Sat. 27. 05),13:32:17,5.4
1369229563,(Sat. 27. 05),13:32:43,6.9
1369229566,(Sat. 27. 05),13:32:46,7.7
1369229572,(Sat. 27. 05),13:32:52,9.9
1369229596,(Sat. 27. 05),13:33:16,11.0
1369229639,(Sat. 27. 05),13:33:59,6.7
1369229656,(Sat. 27. 05),13:34:16,8.7
1369229689,(Sat. 27. 05),13:34:49,10.4
1369229707,(Sat. 27. 05),13:35:07,9.3
1369229714,(Sat. 27. 05),13:35:14,6.5
1369229748,(Sat. 27. 05),13:35:48,10.0
1369229778,(Sat. 27. 05),13:36:18,6.4
1369229791,(Sat. 27. 05),13:36:31,7.8
1369229797,(Sat. 27. 05),13:36:37,10.8
1369229836,(Sat. 27. 05),13:37:16,11.8
1369229863,(Sat. 27. 05),13:37:43,13.4
1369229888,(Sat. 27. 05),13:38:08,11.4
1369229955,(Sat. 27. 05),13:39:15,13.6
1369229967,(Sat. 27. 05),13:39:27,8.6
1369229971,(Sat. 27. 05),13:39:31,8.8
1369229991,(Sat. 27. 05),13:39:51,2.1
1369230001,(Sat. 27. 05),13:40:01,3.8
1369230011,(Sat. 27. 05),13:40:11,3.8
1369230043,(Sat. 27. 05),13:40:43,9.9
1369230071,(Sat. 27. 05),13:41:11,2.0